[
    {
        "name": "Call ISP for internet upgrade",
        "deadline": "2025-07-08 14:00",
        "priority": "medium"
    },
    {
        "name": "Organize laptop files and project folders",
        "deadline": "2025-07-10 19:00",
        "priority": "medium"
    },
    {
        "name": "Clean up and commit latest Pomodoro CLI code",
        "deadline": "2025-07-07 21:00",
        "priority": "medium"
    },
    {
        "name": "Write journal reflection on productivity",
        "deadline": "2025-07-09 20:00",
        "priority": "medium"
    },
    {
        "name": "Schedule mock interview for internship prep",
        "deadline": "2025-07-10 15:00",
        "priority": "medium"
    },
    {
        "name": "Update LinkedIn profile (latest project + skills)",
        "deadline": "2025-07-08 17:00",
        "priority": "medium"
    },
    {
        "name": "Record 2-minute demo of Pomodoro app",
        "deadline": "2025-07-10 12:00",
        "priority": "medium"
    }
]